param_seed,config_idx,blocked_idx,blocked_edge,flow_blocked,outcome,worst_gap,elapsed_s
1,1,0,"(0, 1)",-2,not_connected,-1,0.053
1,1,1,"(0, 11)",2,not_connected,-1,0.009
1,1,2,"(1, 2)",-1,eulerian,0.0,0.007
1,1,3,"(1, 3)",-3,eulerian,0.0,0.015
1,1,4,"(1, 5)",2,eulerian,0.0,0.019
1,1,7,"(2, 11)",-1,eulerian,0.0,0.006
1,1,8,"(3, 4)",-2,eulerian,0.0,0.006
1,1,10,"(3, 8)",-1,eulerian,0.0,0.026
1,1,11,"(4, 5)",-2,eulerian,0.0,0.006
1,1,13,"(6, 7)",1,eulerian,0.0,0.007
1,1,14,"(6, 9)",-4,eulerian,0.0,0.016
1,1,15,"(6, 10)",3,eulerian,0.0,0.025
1,1,16,"(7, 8)",2,eulerian,0.0,0.015
1,1,17,"(7, 10)",-1,eulerian,0.0,0.007
1,1,18,"(8, 9)",4,eulerian,0.0,0.034
1,1,19,"(8, 11)",-3,eulerian,0.0,0.025
1,1,21,"(10, 11)",2,eulerian,0.0,0.023
2,2,0,"(0, 1)",2,eulerian,0.0,0.01
2,2,1,"(0, 11)",-2,eulerian,0.0,0.009
2,2,2,"(1, 2)",2,eulerian,0.0,0.006
2,2,5,"(2, 3)",-3,eulerian,0.0,0.028
2,2,7,"(2, 11)",5,eulerian,0.0,0.021
2,2,8,"(3, 4)",-2,eulerian,0.0,0.006
2,2,9,"(3, 6)",-1,eulerian,0.0,0.023
2,2,11,"(4, 5)",-2,eulerian,0.0,0.006
2,2,12,"(5, 6)",-2,eulerian,0.0,0.031
2,2,15,"(6, 10)",-3,eulerian,0.0,0.013
2,2,16,"(7, 8)",-4,eulerian,0.0,0.019
2,2,17,"(7, 10)",4,eulerian,0.0,0.008
2,2,18,"(8, 9)",-2,eulerian,0.0,0.023
2,2,19,"(8, 11)",-2,eulerian,0.0,0.011
2,2,20,"(9, 10)",-2,eulerian,0.0,0.008
2,2,21,"(10, 11)",-1,eulerian,0.0,0.007
3,3,0,"(0, 1)",2,eulerian,0.0,0.01
3,3,1,"(0, 11)",-2,eulerian,0.0,0.009
3,3,3,"(1, 3)",-4,eulerian,0.0,0.025
3,3,4,"(1, 5)",6,eulerian,0.0,0.032
3,3,6,"(2, 8)",-2,eulerian,0.0,0.007
3,3,7,"(2, 11)",2,eulerian,0.0,0.006
3,3,8,"(3, 4)",-4,eulerian,0.0,0.019
3,3,11,"(4, 5)",-4,eulerian,0.0,0.019
3,3,12,"(5, 6)",2,eulerian,0.0,0.023
3,3,14,"(6, 9)",2,eulerian,0.0,0.01
3,3,16,"(7, 8)",2,eulerian,0.0,0.015
3,3,17,"(7, 10)",-2,eulerian,0.0,0.009
3,3,20,"(9, 10)",2,eulerian,0.0,0.011
4,4,0,"(0, 1)",3,eulerian,0.0,0.009
4,4,1,"(0, 11)",-3,eulerian,0.0,0.008
4,4,2,"(1, 2)",5,eulerian,0.0,0.023
4,4,3,"(1, 3)",-1,eulerian,0.0,0.006
4,4,4,"(1, 5)",-1,eulerian,0.0,0.005
4,4,5,"(2, 3)",3,eulerian,0.0,0.013
4,4,6,"(2, 8)",2,eulerian,0.0,0.007
4,4,8,"(3, 4)",2,eulerian,0.0,0.007
4,4,11,"(4, 5)",2,eulerian,0.0,0.007
4,4,12,"(5, 6)",1,eulerian,0.0,0.006
4,4,13,"(6, 7)",-1,eulerian,0.0,0.006
4,4,14,"(6, 9)",-1,eulerian,0.0,0.008
4,4,15,"(6, 10)",3,eulerian,0.0,0.025
4,4,17,"(7, 10)",-1,eulerian,0.0,0.006
4,4,18,"(8, 9)",2,eulerian,0.0,0.027
4,4,20,"(9, 10)",1,eulerian,0.0,0.006
4,4,21,"(10, 11)",3,eulerian,0.0,0.035
5,5,0,"(0, 1)",-2,eulerian,0.0,0.009
5,5,1,"(0, 11)",2,eulerian,0.0,0.008
5,5,2,"(1, 2)",1,eulerian,0.0,0.006
5,5,3,"(1, 3)",-7,eulerian,0.0,0.021
5,5,4,"(1, 5)",4,eulerian,0.0,0.021
5,5,5,"(2, 3)",2,eulerian,0.0,0.007
5,5,7,"(2, 11)",-1,eulerian,0.0,0.005
5,5,8,"(3, 4)",-2,eulerian,0.0,0.006
5,5,9,"(3, 6)",-2,eulerian,0.0,0.024
5,5,10,"(3, 8)",-1,eulerian,0.0,0.025
5,5,11,"(4, 5)",-2,eulerian,0.0,0.006
5,5,12,"(5, 6)",2,eulerian,0.0,0.023
5,5,13,"(6, 7)",2,eulerian,0.0,0.012
5,5,14,"(6, 9)",-2,eulerian,0.0,0.031
5,5,16,"(7, 8)",1,eulerian,0.0,0.021
5,5,17,"(7, 10)",1,eulerian,0.0,0.006
5,5,18,"(8, 9)",1,eulerian,0.0,0.012
5,5,19,"(8, 11)",-1,eulerian,0.0,0.007
5,5,20,"(9, 10)",-1,eulerian,0.0,0.006
6,6,0,"(0, 1)",4,eulerian,0.0,0.011
6,6,1,"(0, 11)",-4,eulerian,0.0,0.01
6,6,2,"(1, 2)",4,eulerian,0.0,0.012
6,6,5,"(2, 3)",2,eulerian,0.0,0.007
6,6,6,"(2, 8)",1,eulerian,0.0,0.008
6,6,7,"(2, 11)",1,eulerian,0.0,0.006
6,6,8,"(3, 4)",2,eulerian,0.0,0.007
6,6,11,"(4, 5)",2,eulerian,0.0,0.007
6,6,12,"(5, 6)",2,eulerian,0.0,0.023
6,6,14,"(6, 9)",2,eulerian,0.0,0.01
6,6,16,"(7, 8)",-2,eulerian,0.0,0.031
6,6,17,"(7, 10)",2,eulerian,0.0,0.01
6,6,18,"(8, 9)",-1,eulerian,0.0,0.026
6,6,20,"(9, 10)",1,eulerian,0.0,0.006
6,6,21,"(10, 11)",3,eulerian,0.0,0.035
7,7,0,"(0, 1)",2,eulerian,0.0,0.009
7,7,1,"(0, 11)",-2,eulerian,0.0,0.009
7,7,2,"(1, 2)",5,eulerian,0.0,0.023
7,7,4,"(1, 5)",-3,eulerian,0.0,0.023
7,7,7,"(2, 11)",5,eulerian,0.0,0.022
7,7,8,"(3, 4)",3,eulerian,0.0,0.026
7,7,9,"(3, 6)",-1,eulerian,0.0,0.024
7,7,10,"(3, 8)",-2,eulerian,0.0,0.027
7,7,11,"(4, 5)",3,eulerian,0.0,0.025
7,7,13,"(6, 7)",1,eulerian,0.0,0.007
7,7,15,"(6, 10)",-2,eulerian,0.0,0.006
7,7,17,"(7, 10)",1,eulerian,0.0,0.006
7,7,18,"(8, 9)",-2,eulerian,0.0,0.023
7,7,20,"(9, 10)",-2,eulerian,0.0,0.008
7,7,21,"(10, 11)",-3,eulerian,0.0,0.02
8,8,0,"(0, 1)",-3,eulerian,0.0,0.01
8,8,1,"(0, 11)",3,eulerian,0.0,0.009
8,8,2,"(1, 2)",-2,eulerian,0.0,0.007
8,8,3,"(1, 3)",-3,eulerian,0.0,0.013
8,8,4,"(1, 5)",2,eulerian,0.0,0.018
8,8,6,"(2, 8)",2,eulerian,0.0,0.008
8,8,7,"(2, 11)",-4,eulerian,0.0,0.009
8,8,8,"(3, 4)",-2,eulerian,0.0,0.006
8,8,10,"(3, 8)",-1,eulerian,0.0,0.025
8,8,11,"(4, 5)",-2,eulerian,0.0,0.006
8,8,13,"(6, 7)",2,eulerian,0.0,0.012
8,8,14,"(6, 9)",-1,eulerian,0.0,0.008
8,8,15,"(6, 10)",-1,eulerian,0.0,0.017
8,8,16,"(7, 8)",2,eulerian,0.0,0.015
8,8,18,"(8, 9)",3,eulerian,0.0,0.036
8,8,20,"(9, 10)",2,eulerian,0.0,0.011
8,8,21,"(10, 11)",1,eulerian,0.0,0.007
9,9,0,"(0, 1)",1,eulerian,0.0,0.006
9,9,1,"(0, 11)",-1,eulerian,0.0,0.005
9,9,2,"(1, 2)",2,eulerian,0.0,0.006
9,9,3,"(1, 3)",-1,eulerian,0.0,0.006
9,9,5,"(2, 3)",-1,eulerian,0.0,0.006
9,9,7,"(2, 11)",3,eulerian,0.0,0.008
9,9,8,"(3, 4)",-2,eulerian,0.0,0.006
9,9,11,"(4, 5)",-2,eulerian,0.0,0.006
9,9,12,"(5, 6)",-2,eulerian,0.0,0.031
9,9,13,"(6, 7)",2,eulerian,0.0,0.012
9,9,14,"(6, 9)",-2,eulerian,0.0,0.031
9,9,15,"(6, 10)",-2,eulerian,0.0,0.006
9,9,16,"(7, 8)",2,eulerian,0.0,0.015
9,9,19,"(8, 11)",2,eulerian,0.0,0.01
9,9,20,"(9, 10)",-2,eulerian,0.0,0.008
9,9,21,"(10, 11)",-4,eulerian,0.0,0.01
10,10,0,"(0, 1)",-2,eulerian,0.0,0.009
10,10,1,"(0, 11)",2,eulerian,0.0,0.009
10,10,4,"(1, 5)",-2,eulerian,0.0,0.021
10,10,5,"(2, 3)",4,eulerian,0.0,0.019
10,10,7,"(2, 11)",-4,eulerian,0.0,0.008
10,10,8,"(3, 4)",2,eulerian,0.0,0.007
10,10,9,"(3, 6)",1,eulerian,0.0,0.035
10,10,10,"(3, 8)",1,eulerian,0.0,0.024
10,10,11,"(4, 5)",2,eulerian,0.0,0.007
10,10,13,"(6, 7)",2,eulerian,0.0,0.012
10,10,15,"(6, 10)",-1,eulerian,0.0,0.017
10,10,17,"(7, 10)",2,eulerian,0.0,0.01
10,10,18,"(8, 9)",2,eulerian,0.0,0.027
10,10,19,"(8, 11)",-1,eulerian,0.0,0.006
10,10,20,"(9, 10)",2,eulerian,0.0,0.011
10,10,21,"(10, 11)",3,eulerian,0.0,0.035
11,11,0,"(0, 1)",2,eulerian,0.0,0.01
11,11,1,"(0, 11)",-2,eulerian,0.0,0.009
11,11,2,"(1, 2)",1,eulerian,0.0,0.006
11,11,4,"(1, 5)",1,eulerian,0.0,0.005
11,11,5,"(2, 3)",2,eulerian,0.0,0.007
11,11,6,"(2, 8)",-3,eulerian,0.0,0.024
11,11,7,"(2, 11)",2,eulerian,0.0,0.006
11,11,8,"(3, 4)",-2,eulerian,0.0,0.006
11,11,10,"(3, 8)",4,eulerian,0.0,0.031
11,11,11,"(4, 5)",-2,eulerian,0.0,0.006
11,11,12,"(5, 6)",-1,eulerian,0.0,0.005
11,11,13,"(6, 7)",-1,eulerian,0.0,0.006
11,11,16,"(7, 8)",-4,eulerian,0.0,0.019
11,11,17,"(7, 10)",3,eulerian,0.0,0.02
11,11,18,"(8, 9)",-3,eulerian,0.0,0.009
11,11,20,"(9, 10)",-3,eulerian,0.0,0.032
12,12,0,"(0, 1)",-2,eulerian,0.0,0.009
12,12,1,"(0, 11)",2,eulerian,0.0,0.008
12,12,2,"(1, 2)",2,eulerian,0.0,0.006
12,12,4,"(1, 5)",-4,eulerian,0.0,0.016
12,12,7,"(2, 11)",2,eulerian,0.0,0.006
12,12,8,"(3, 4)",-1,eulerian,0.0,0.015
12,12,9,"(3, 6)",3,eulerian,0.0,0.028
12,12,10,"(3, 8)",-2,eulerian,0.0,0.026
12,12,11,"(4, 5)",-1,eulerian,0.0,0.015
12,12,12,"(5, 6)",-5,eulerian,0.0,0.008
12,12,14,"(6, 9)",-2,eulerian,0.0,0.031
12,12,16,"(7, 8)",-2,eulerian,0.0,0.031
12,12,17,"(7, 10)",2,eulerian,0.0,0.01
12,12,19,"(8, 11)",-4,eulerian,0.0,0.011
12,12,20,"(9, 10)",-2,eulerian,0.0,0.008
13,13,0,"(0, 1)",2,eulerian,0.0,0.01
13,13,1,"(0, 11)",-2,eulerian,0.0,0.009
13,13,4,"(1, 5)",2,eulerian,0.0,0.018
13,13,5,"(2, 3)",-3,eulerian,0.0,0.028
13,13,6,"(2, 8)",3,eulerian,0.0,0.013
13,13,8,"(3, 4)",-4,eulerian,0.0,0.019
13,13,9,"(3, 6)",1,eulerian,0.0,0.037
13,13,11,"(4, 5)",-4,eulerian,0.0,0.021
13,13,12,"(5, 6)",-2,eulerian,0.0,0.036
13,13,13,"(6, 7)",-3,eulerian,0.0,0.023
13,13,14,"(6, 9)",2,eulerian,0.0,0.011
13,13,16,"(7, 8)",-3,eulerian,0.0,0.023
13,13,18,"(8, 9)",-1,eulerian,0.0,0.029
13,13,19,"(8, 11)",1,eulerian,0.0,0.009
13,13,20,"(9, 10)",1,eulerian,0.0,0.006
13,13,21,"(10, 11)",1,eulerian,0.0,0.007
14,14,0,"(0, 1)",2,eulerian,0.0,0.01
14,14,1,"(0, 11)",-2,eulerian,0.0,0.009
14,14,2,"(1, 2)",2,eulerian,0.0,0.006
14,14,3,"(1, 3)",-1,eulerian,0.0,0.006
14,14,4,"(1, 5)",1,eulerian,0.0,0.005
14,14,5,"(2, 3)",2,eulerian,0.0,0.007
14,14,6,"(2, 8)",-1,eulerian,0.0,0.024
14,14,7,"(2, 11)",1,eulerian,0.0,0.006
14,14,8,"(3, 4)",2,eulerian,0.0,0.007
14,14,9,"(3, 6)",-1,eulerian,0.0,0.023
14,14,11,"(4, 5)",2,eulerian,0.0,0.007
14,14,12,"(5, 6)",3,eulerian,0.0,0.023
14,14,14,"(6, 9)",2,eulerian,0.0,0.01
14,14,16,"(7, 8)",-2,eulerian,0.0,0.03
14,14,17,"(7, 10)",2,eulerian,0.0,0.01
14,14,19,"(8, 11)",-3,eulerian,0.0,0.025
14,14,20,"(9, 10)",2,eulerian,0.0,0.011
14,14,21,"(10, 11)",4,eulerian,0.0,0.009
15,15,0,"(0, 1)",-3,eulerian,0.0,0.009
15,15,1,"(0, 11)",3,eulerian,0.0,0.009
15,15,4,"(1, 5)",-3,eulerian,0.0,0.021
15,15,5,"(2, 3)",-1,eulerian,0.0,0.006
15,15,7,"(2, 11)",1,eulerian,0.0,0.006
15,15,8,"(3, 4)",2,eulerian,0.0,0.007
15,15,9,"(3, 6)",-3,eulerian,0.0,0.025
15,15,11,"(4, 5)",2,eulerian,0.0,0.007
15,15,12,"(5, 6)",-1,eulerian,0.0,0.005
15,15,14,"(6, 9)",-1,eulerian,0.0,0.008
15,15,15,"(6, 10)",-3,eulerian,0.0,0.012
15,15,16,"(7, 8)",2,eulerian,0.0,0.015
15,15,17,"(7, 10)",-2,eulerian,0.0,0.009
15,15,18,"(8, 9)",2,eulerian,0.0,0.027
15,15,20,"(9, 10)",1,eulerian,0.0,0.006
15,15,21,"(10, 11)",-4,eulerian,0.0,0.01
16,16,0,"(0, 1)",-2,eulerian,0.0,0.009
16,16,1,"(0, 11)",2,eulerian,0.0,0.008
16,16,2,"(1, 2)",-4,eulerian,0.0,0.012
16,16,3,"(1, 3)",2,eulerian,0.0,0.007
16,16,6,"(2, 8)",-2,eulerian,0.0,0.007
16,16,7,"(2, 11)",-2,eulerian,0.0,0.007
16,16,8,"(3, 4)",2,eulerian,0.0,0.007
16,16,11,"(4, 5)",2,eulerian,0.0,0.007
16,16,12,"(5, 6)",2,eulerian,0.0,0.023
16,16,13,"(6, 7)",2,eulerian,0.0,0.012
16,16,14,"(6, 9)",-3,eulerian,0.0,0.01
16,16,15,"(6, 10)",3,eulerian,0.0,0.025
16,16,17,"(7, 10)",2,eulerian,0.0,0.01
16,16,18,"(8, 9)",-2,eulerian,0.0,0.023
16,16,20,"(9, 10)",-5,eulerian,0.0,0.01
17,17,0,"(0, 1)",2,eulerian,0.0,0.01
17,17,1,"(0, 11)",-2,eulerian,0.0,0.009
17,17,2,"(1, 2)",2,eulerian,0.0,0.006
17,17,5,"(2, 3)",1,eulerian,0.0,0.025
17,17,6,"(2, 8)",1,eulerian,0.0,0.008
17,17,8,"(3, 4)",2,eulerian,0.0,0.007
17,17,10,"(3, 8)",-1,eulerian,0.0,0.025
17,17,11,"(4, 5)",2,eulerian,0.0,0.007
17,17,12,"(5, 6)",2,eulerian,0.0,0.024
17,17,13,"(6, 7)",-4,eulerian,0.0,0.009
17,17,14,"(6, 9)",-2,eulerian,0.0,0.034
17,17,15,"(6, 10)",8,eulerian,0.0,0.023
17,17,17,"(7, 10)",-4,eulerian,0.0,0.008
17,17,20,"(9, 10)",-2,eulerian,0.0,0.009
17,17,21,"(10, 11)",2,eulerian,0.0,0.025
19,18,0,"(0, 1)",-2,eulerian,0.0,0.009
19,18,1,"(0, 11)",2,eulerian,0.0,0.009
19,18,2,"(1, 2)",-2,eulerian,0.0,0.007
19,18,3,"(1, 3)",2,eulerian,0.0,0.007
19,18,4,"(1, 5)",-2,eulerian,0.0,0.021
19,18,6,"(2, 8)",-2,eulerian,0.0,0.007
19,18,8,"(3, 4)",2,eulerian,0.0,0.007
19,18,11,"(4, 5)",2,eulerian,0.0,0.007
19,18,13,"(6, 7)",3,eulerian,0.0,0.029
19,18,14,"(6, 9)",-3,eulerian,0.0,0.01
19,18,16,"(7, 8)",5,eulerian,0.0,0.008
19,18,17,"(7, 10)",-2,eulerian,0.0,0.009
19,18,18,"(8, 9)",4,eulerian,0.0,0.035
19,18,19,"(8, 11)",-1,eulerian,0.0,0.006
19,18,20,"(9, 10)",1,eulerian,0.0,0.006
19,18,21,"(10, 11)",-1,eulerian,0.0,0.007
20,19,0,"(0, 1)",-2,eulerian,0.0,0.009
20,19,1,"(0, 11)",2,eulerian,0.0,0.009
20,19,3,"(1, 3)",-4,eulerian,0.0,0.025
20,19,4,"(1, 5)",2,eulerian,0.0,0.017
20,19,5,"(2, 3)",1,eulerian,0.0,0.025
20,19,6,"(2, 8)",4,eulerian,0.0,0.025
20,19,7,"(2, 11)",-5,eulerian,0.0,0.043
20,19,8,"(3, 4)",-1,eulerian,0.0,0.015
20,19,10,"(3, 8)",-2,eulerian,0.0,0.026
20,19,11,"(4, 5)",-1,eulerian,0.0,0.015
20,19,12,"(5, 6)",1,eulerian,0.0,0.006
20,19,13,"(6, 7)",-1,eulerian,0.0,0.006
20,19,14,"(6, 9)",2,eulerian,0.0,0.01
20,19,16,"(7, 8)",-2,eulerian,0.0,0.033
20,19,17,"(7, 10)",1,eulerian,0.0,0.007
20,19,20,"(9, 10)",2,eulerian,0.0,0.012
20,19,21,"(10, 11)",3,eulerian,0.0,0.036
21,20,0,"(0, 1)",2,eulerian,0.0,0.009
21,20,1,"(0, 11)",-2,eulerian,0.0,0.009
21,20,2,"(1, 2)",2,eulerian,0.0,0.006
21,20,5,"(2, 3)",-2,eulerian,0.0,0.007
21,20,6,"(2, 8)",-2,eulerian,0.0,0.007
21,20,7,"(2, 11)",6,eulerian,0.0,0.029
21,20,8,"(3, 4)",-2,eulerian,0.0,0.006
21,20,11,"(4, 5)",-2,eulerian,0.0,0.006
21,20,12,"(5, 6)",-2,eulerian,0.0,0.031
21,20,14,"(6, 9)",-2,eulerian,0.0,0.031
21,20,16,"(7, 8)",2,eulerian,0.0,0.015
21,20,17,"(7, 10)",-2,eulerian,0.0,0.009
21,20,18,"(8, 9)",2,eulerian,0.0,0.027
21,20,19,"(8, 11)",-2,eulerian,0.0,0.011
21,20,21,"(10, 11)",-2,eulerian,0.0,0.036
22,21,0,"(0, 1)",2,eulerian,0.0,0.01
22,21,1,"(0, 11)",-2,eulerian,0.0,0.01
22,21,2,"(1, 2)",-2,eulerian,0.0,0.007
22,21,3,"(1, 3)",4,eulerian,0.0,0.014
22,21,5,"(2, 3)",-1,eulerian,0.0,0.006
22,21,7,"(2, 11)",-1,eulerian,0.0,0.006
22,21,8,"(3, 4)",2,eulerian,0.0,0.007
22,21,10,"(3, 8)",1,eulerian,0.0,0.025
22,21,11,"(4, 5)",2,eulerian,0.0,0.007
22,21,12,"(5, 6)",2,eulerian,0.0,0.023
22,21,13,"(6, 7)",-2,eulerian,0.0,0.026
22,21,14,"(6, 9)",4,eulerian,0.0,0.01
22,21,16,"(7, 8)",-2,eulerian,0.0,0.031
22,21,18,"(8, 9)",-1,eulerian,0.0,0.027
22,21,20,"(9, 10)",3,eulerian,0.0,0.03
22,21,21,"(10, 11)",3,eulerian,0.0,0.038
23,22,0,"(0, 1)",-3,eulerian,0.0,0.011
23,22,1,"(0, 11)",3,eulerian,0.0,0.009
23,22,4,"(1, 5)",-3,eulerian,0.0,0.022
23,22,5,"(2, 3)",2,eulerian,0.0,0.008
23,22,6,"(2, 8)",3,eulerian,0.0,0.013
23,22,7,"(2, 11)",-5,eulerian,0.0,0.036
23,22,8,"(3, 4)",2,eulerian,0.0,0.008
23,22,11,"(4, 5)",2,eulerian,0.0,0.008
23,22,12,"(5, 6)",-1,eulerian,0.0,0.006
23,22,13,"(6, 7)",-2,eulerian,0.0,0.026
23,22,14,"(6, 9)",1,eulerian,0.0,0.007
23,22,16,"(7, 8)",-2,eulerian,0.0,0.032
23,22,18,"(8, 9)",1,eulerian,0.0,0.013
23,22,20,"(9, 10)",2,eulerian,0.0,0.012
23,22,21,"(10, 11)",2,eulerian,0.0,0.024
25,23,0,"(0, 1)",-3,eulerian,0.0,0.01
25,23,1,"(0, 11)",3,eulerian,0.0,0.009
25,23,2,"(1, 2)",-2,eulerian,0.0,0.007
25,23,4,"(1, 5)",-1,eulerian,0.0,0.005
25,23,6,"(2, 8)",-2,eulerian,0.0,0.007
25,23,8,"(3, 4)",2,eulerian,0.0,0.007
25,23,9,"(3, 6)",-1,eulerian,0.0,0.024
25,23,10,"(3, 8)",-1,eulerian,0.0,0.026
25,23,11,"(4, 5)",2,eulerian,0.0,0.007
25,23,12,"(5, 6)",1,eulerian,0.0,0.006
25,23,13,"(6, 7)",-2,eulerian,0.0,0.026
25,23,14,"(6, 9)",4,eulerian,0.0,0.011
25,23,15,"(6, 10)",-2,eulerian,0.0,0.006
25,23,16,"(7, 8)",-1,eulerian,0.0,0.018
25,23,17,"(7, 10)",-1,eulerian,0.0,0.006
25,23,18,"(8, 9)",-4,eulerian,0.0,0.009
25,23,21,"(10, 11)",-3,eulerian,0.0,0.021
26,24,0,"(0, 1)",-2,eulerian,0.0,0.01
26,24,1,"(0, 11)",2,eulerian,0.0,0.01
26,24,2,"(1, 2)",1,eulerian,0.0,0.006
26,24,3,"(1, 3)",-4,eulerian,0.0,0.025
26,24,4,"(1, 5)",1,eulerian,0.0,0.005
26,24,6,"(2, 8)",3,eulerian,0.0,0.012
26,24,7,"(2, 11)",-2,eulerian,0.0,0.007
26,24,8,"(3, 4)",-3,eulerian,0.0,0.023
26,24,9,"(3, 6)",-1,eulerian,0.0,0.024
26,24,11,"(4, 5)",-3,eulerian,0.0,0.023
26,24,12,"(5, 6)",-2,eulerian,0.0,0.032
26,24,13,"(6, 7)",-2,eulerian,0.0,0.028
26,24,14,"(6, 9)",-1,eulerian,0.0,0.009
26,24,16,"(7, 8)",-1,eulerian,0.0,0.019
26,24,17,"(7, 10)",-1,eulerian,0.0,0.006
26,24,18,"(8, 9)",2,eulerian,0.0,0.028
26,24,20,"(9, 10)",1,eulerian,0.0,0.006
27,25,0,"(0, 1)",2,eulerian,0.0,0.01
27,25,1,"(0, 11)",-2,eulerian,0.0,0.01
27,25,2,"(1, 2)",-2,eulerian,0.0,0.008
27,25,3,"(1, 3)",1,eulerian,0.0,0.007
27,25,4,"(1, 5)",3,eulerian,0.0,0.016
27,25,6,"(2, 8)",-1,eulerian,0.0,0.024
27,25,7,"(2, 11)",-1,eulerian,0.0,0.006
27,25,8,"(3, 4)",3,eulerian,0.0,0.026
27,25,9,"(3, 6)",-2,eulerian,0.0,0.026
27,25,11,"(4, 5)",3,eulerian,0.0,0.026
27,25,12,"(5, 6)",6,eulerian,0.0,0.01
27,25,14,"(6, 9)",2,eulerian,0.0,0.01
27,25,15,"(6, 10)",2,eulerian,0.0,0.007
27,25,16,"(7, 8)",-1,eulerian,0.0,0.018
27,25,17,"(7, 10)",1,eulerian,0.0,0.007
27,25,18,"(8, 9)",-2,eulerian,0.0,0.024
27,25,21,"(10, 11)",3,eulerian,0.0,0.037
28,26,0,"(0, 1)",3,eulerian,0.0,0.009
28,26,1,"(0, 11)",-3,eulerian,0.0,0.008
28,26,4,"(1, 5)",3,eulerian,0.0,0.016
28,26,6,"(2, 8)",-1,eulerian,0.0,0.023
28,26,7,"(2, 11)",1,eulerian,0.0,0.006
28,26,8,"(3, 4)",-3,eulerian,0.0,0.022
28,26,9,"(3, 6)",3,eulerian,0.0,0.028
28,26,11,"(4, 5)",-3,eulerian,0.0,0.022
28,26,14,"(6, 9)",3,eulerian,0.0,0.029
28,26,16,"(7, 8)",-3,eulerian,0.0,0.021
28,26,17,"(7, 10)",3,eulerian,0.0,0.02
28,26,18,"(8, 9)",-4,eulerian,0.0,0.009
28,26,20,"(9, 10)",-1,eulerian,0.0,0.006
28,26,21,"(10, 11)",2,eulerian,0.0,0.023
29,27,0,"(0, 1)",-3,eulerian,0.0,0.01
29,27,1,"(0, 11)",3,eulerian,0.0,0.009
29,27,3,"(1, 3)",-3,eulerian,0.0,0.013
29,27,5,"(2, 3)",1,eulerian,0.0,0.025
29,27,6,"(2, 8)",-1,eulerian,0.0,0.023
29,27,8,"(3, 4)",-2,eulerian,0.0,0.006
29,27,11,"(4, 5)",-2,eulerian,0.0,0.006
29,27,12,"(5, 6)",-2,eulerian,0.0,0.031
29,27,13,"(6, 7)",1,eulerian,0.0,0.007
29,27,14,"(6, 9)",-3,eulerian,0.0,0.01
29,27,16,"(7, 8)",3,eulerian,0.0,0.026
29,27,17,"(7, 10)",-2,eulerian,0.0,0.009
29,27,18,"(8, 9)",4,eulerian,0.0,0.034
29,27,19,"(8, 11)",-2,eulerian,0.0,0.011
29,27,20,"(9, 10)",1,eulerian,0.0,0.006
29,27,21,"(10, 11)",-1,eulerian,0.0,0.007
30,28,0,"(0, 1)",-3,eulerian,0.0,0.01
30,28,1,"(0, 11)",3,eulerian,0.0,0.009
30,28,4,"(1, 5)",-3,eulerian,0.0,0.021
30,28,6,"(2, 8)",2,eulerian,0.0,0.007
30,28,7,"(2, 11)",-2,eulerian,0.0,0.007
30,28,8,"(3, 4)",3,eulerian,0.0,0.025
30,28,9,"(3, 6)",-3,eulerian,0.0,0.025
30,28,11,"(4, 5)",3,eulerian,0.0,0.025
30,28,13,"(6, 7)",-4,eulerian,0.0,0.009
30,28,14,"(6, 9)",2,eulerian,0.0,0.009
30,28,15,"(6, 10)",-1,eulerian,0.0,0.017
30,28,16,"(7, 8)",-4,eulerian,0.0,0.018
30,28,18,"(8, 9)",-1,eulerian,0.0,0.026
30,28,19,"(8, 11)",-1,eulerian,0.0,0.006
30,28,20,"(9, 10)",1,eulerian,0.0,0.006
31,29,0,"(0, 1)",2,eulerian,0.0,0.01
31,29,1,"(0, 11)",-2,eulerian,0.0,0.009
31,29,2,"(1, 2)",5,eulerian,0.0,0.024
31,29,3,"(1, 3)",-3,eulerian,0.0,0.013
31,29,5,"(2, 3)",6,eulerian,0.0,0.028
31,29,6,"(2, 8)",-1,eulerian,0.0,0.023
31,29,8,"(3, 4)",-2,eulerian,0.0,0.006
31,29,9,"(3, 6)",4,not_connected,-1,0.023
31,29,10,"(3, 8)",1,eulerian,0.0,0.024
31,29,11,"(4, 5)",-2,eulerian,0.0,0.006
31,29,12,"(5, 6)",-2,eulerian,0.0,0.031
31,29,14,"(6, 9)",2,eulerian,0.0,0.01
31,29,16,"(7, 8)",1,eulerian,0.0,0.021
31,29,17,"(7, 10)",-1,eulerian,0.0,0.006
31,29,19,"(8, 11)",1,eulerian,0.0,0.008
31,29,20,"(9, 10)",2,eulerian,0.0,0.011
31,29,21,"(10, 11)",1,eulerian,0.0,0.007
32,30,0,"(0, 1)",3,eulerian,0.0,0.011
32,30,1,"(0, 11)",-3,eulerian,0.0,0.008
32,30,3,"(1, 3)",1,eulerian,0.0,0.007
32,30,4,"(1, 5)",2,eulerian,0.0,0.017
32,30,5,"(2, 3)",-2,eulerian,0.0,0.007
32,30,6,"(2, 8)",1,eulerian,0.0,0.008
32,30,7,"(2, 11)",1,eulerian,0.0,0.006
32,30,8,"(3, 4)",-3,eulerian,0.0,0.022
32,30,9,"(3, 6)",2,eulerian,0.0,0.041
32,30,11,"(4, 5)",-3,eulerian,0.0,0.022
32,30,12,"(5, 6)",-1,eulerian,0.0,0.005
32,30,13,"(6, 7)",-1,eulerian,0.0,0.006
32,30,14,"(6, 9)",2,eulerian,0.0,0.009
32,30,16,"(7, 8)",-3,eulerian,0.0,0.021
32,30,17,"(7, 10)",2,eulerian,0.0,0.01
32,30,18,"(8, 9)",-2,eulerian,0.0,0.022
32,30,21,"(10, 11)",2,eulerian,0.0,0.023
33,31,0,"(0, 1)",2,eulerian,0.0,0.009
33,31,1,"(0, 11)",-2,eulerian,0.0,0.009
33,31,2,"(1, 2)",2,eulerian,0.0,0.006
33,31,5,"(2, 3)",2,eulerian,0.0,0.007
33,31,8,"(3, 4)",3,eulerian,0.0,0.025
33,31,9,"(3, 6)",-1,eulerian,0.0,0.024
33,31,11,"(4, 5)",3,eulerian,0.0,0.025
33,31,12,"(5, 6)",3,eulerian,0.0,0.023
33,31,13,"(6, 7)",-2,eulerian,0.0,0.026
33,31,15,"(6, 10)",4,eulerian,0.0,0.021
33,31,16,"(7, 8)",2,eulerian,0.0,0.015
33,31,17,"(7, 10)",-4,eulerian,0.0,0.007
33,31,18,"(8, 9)",2,eulerian,0.0,0.027
33,31,20,"(9, 10)",2,eulerian,0.0,0.011
33,31,21,"(10, 11)",2,eulerian,0.0,0.023
34,32,0,"(0, 1)",-2,eulerian,0.0,0.009
34,32,1,"(0, 11)",2,eulerian,0.0,0.009
34,32,3,"(1, 3)",3,eulerian,0.0,0.016
34,32,4,"(1, 5)",-5,eulerian,0.0,0.029
34,32,6,"(2, 8)",2,eulerian,0.0,0.007
34,32,7,"(2, 11)",-2,eulerian,0.0,0.008
34,32,8,"(3, 4)",1,eulerian,0.0,0.006
34,32,9,"(3, 6)",1,eulerian,0.0,0.035
34,32,10,"(3, 8)",1,eulerian,0.0,0.025
34,32,11,"(4, 5)",1,eulerian,0.0,0.006
34,32,12,"(5, 6)",-4,eulerian,0.0,0.023
34,32,13,"(6, 7)",-2,eulerian,0.0,0.026
34,32,14,"(6, 9)",-2,eulerian,0.0,0.031
34,32,15,"(6, 10)",1,eulerian,0.0,0.021
34,32,16,"(7, 8)",-1,eulerian,0.0,0.018
34,32,17,"(7, 10)",-1,eulerian,0.0,0.006
34,32,18,"(8, 9)",2,eulerian,0.0,0.027
35,33,0,"(0, 1)",-2,eulerian,0.0,0.009
35,33,1,"(0, 11)",2,eulerian,0.0,0.009
35,33,2,"(1, 2)",2,eulerian,0.0,0.006
35,33,4,"(1, 5)",-4,eulerian,0.0,0.016
35,33,6,"(2, 8)",2,eulerian,0.0,0.007
35,33,8,"(3, 4)",4,eulerian,0.0,0.031
35,33,9,"(3, 6)",-2,eulerian,0.0,0.024
35,33,10,"(3, 8)",-2,eulerian,0.0,0.026
35,33,11,"(4, 5)",4,eulerian,0.0,0.031
35,33,13,"(6, 7)",-4,eulerian,0.0,0.009
35,33,14,"(6, 9)",2,eulerian,0.0,0.009
35,33,17,"(7, 10)",-4,eulerian,0.0,0.007
35,33,20,"(9, 10)",2,eulerian,0.0,0.011
35,33,21,"(10, 11)",-2,eulerian,0.0,0.036
36,34,0,"(0, 1)",-2,eulerian,0.0,0.009
36,34,1,"(0, 11)",2,eulerian,0.0,0.008
36,34,2,"(1, 2)",-4,eulerian,0.0,0.011
36,34,3,"(1, 3)",-1,eulerian,0.0,0.006
36,34,4,"(1, 5)",3,eulerian,0.0,0.016
36,34,5,"(2, 3)",-1,eulerian,0.0,0.007
36,34,6,"(2, 8)",2,eulerian,0.0,0.007
36,34,7,"(2, 11)",-5,not_connected,-1,0.034
36,34,8,"(3, 4)",-3,eulerian,0.0,0.022
36,34,9,"(3, 6)",1,eulerian,0.0,0.035
36,34,11,"(4, 5)",-3,eulerian,0.0,0.022
36,34,14,"(6, 9)",-1,eulerian,0.0,0.008
36,34,15,"(6, 10)",2,eulerian,0.0,0.007
36,34,16,"(7, 8)",-2,eulerian,0.0,0.03
36,34,17,"(7, 10)",2,eulerian,0.0,0.009
36,34,20,"(9, 10)",-1,eulerian,0.0,0.006
36,34,21,"(10, 11)",3,eulerian,0.0,0.035
37,35,0,"(0, 1)",-4,eulerian,0.0,0.011
37,35,1,"(0, 11)",4,eulerian,0.0,0.01
37,35,3,"(1, 3)",-2,eulerian,0.0,0.009
37,35,4,"(1, 5)",-2,eulerian,0.0,0.022
37,35,5,"(2, 3)",2,eulerian,0.0,0.009
37,35,7,"(2, 11)",-2,eulerian,0.0,0.008
37,35,8,"(3, 4)",2,eulerian,0.0,0.008
37,35,10,"(3, 8)",-2,eulerian,0.0,0.03
37,35,11,"(4, 5)",2,eulerian,0.0,0.009
37,35,14,"(6, 9)",1,eulerian,0.0,0.008
37,35,15,"(6, 10)",-1,eulerian,0.0,0.018
37,35,16,"(7, 8)",2,eulerian,0.0,0.016
37,35,17,"(7, 10)",-2,eulerian,0.0,0.01
37,35,18,"(8, 9)",1,eulerian,0.0,0.013
37,35,19,"(8, 11)",-1,eulerian,0.0,0.007
37,35,20,"(9, 10)",2,eulerian,0.0,0.012
37,35,21,"(10, 11)",-1,eulerian,0.0,0.007
38,36,0,"(0, 1)",2,eulerian,0.0,0.01
38,36,1,"(0, 11)",-2,eulerian,0.0,0.01
38,36,2,"(1, 2)",4,eulerian,0.0,0.013
38,36,3,"(1, 3)",-3,eulerian,0.0,0.015
38,36,4,"(1, 5)",1,eulerian,0.0,0.006
38,36,6,"(2, 8)",3,eulerian,0.0,0.013
38,36,7,"(2, 11)",1,eulerian,0.0,0.006
38,36,8,"(3, 4)",-2,eulerian,0.0,0.006
38,36,10,"(3, 8)",-1,eulerian,0.0,0.027
38,36,11,"(4, 5)",-2,eulerian,0.0,0.007
38,36,12,"(5, 6)",-1,eulerian,0.0,0.006
38,36,13,"(6, 7)",1,eulerian,0.0,0.007
38,36,15,"(6, 10)",-2,eulerian,0.0,0.007
38,36,16,"(7, 8)",-1,eulerian,0.0,0.02
38,36,17,"(7, 10)",2,eulerian,0.0,0.011
38,36,18,"(8, 9)",1,eulerian,0.0,0.013
38,36,20,"(9, 10)",1,eulerian,0.0,0.007
38,36,21,"(10, 11)",1,eulerian,0.0,0.007
39,37,0,"(0, 1)",-2,eulerian,0.0,0.01
39,37,1,"(0, 11)",2,eulerian,0.0,0.009
39,37,2,"(1, 2)",1,eulerian,0.0,0.007
39,37,4,"(1, 5)",-3,eulerian,0.0,0.024
39,37,5,"(2, 3)",2,eulerian,0.0,0.008
39,37,6,"(2, 8)",-2,eulerian,0.0,0.007
39,37,7,"(2, 11)",1,eulerian,0.0,0.006
39,37,8,"(3, 4)",2,eulerian,0.0,0.007
39,37,11,"(4, 5)",2,eulerian,0.0,0.007
39,37,12,"(5, 6)",-1,eulerian,0.0,0.005
39,37,14,"(6, 9)",-2,eulerian,0.0,0.036
39,37,15,"(6, 10)",1,eulerian,0.0,0.023
39,37,16,"(7, 8)",-2,eulerian,0.0,0.032
39,37,17,"(7, 10)",2,eulerian,0.0,0.01
39,37,18,"(8, 9)",-2,eulerian,0.0,0.023
39,37,19,"(8, 11)",-2,eulerian,0.0,0.011
39,37,20,"(9, 10)",-4,eulerian,0.0,0.009
39,37,21,"(10, 11)",-1,eulerian,0.0,0.007
40,38,0,"(0, 1)",2,eulerian,0.0,0.01
40,38,1,"(0, 11)",-2,eulerian,0.0,0.009
40,38,2,"(1, 2)",1,eulerian,0.0,0.006
40,38,4,"(1, 5)",1,eulerian,0.0,0.005
40,38,5,"(2, 3)",-3,eulerian,0.0,0.029
40,38,7,"(2, 11)",4,eulerian,0.0,0.009
40,38,8,"(3, 4)",-2,eulerian,0.0,0.006
40,38,9,"(3, 6)",-1,eulerian,0.0,0.024
40,38,11,"(4, 5)",-2,eulerian,0.0,0.006
40,38,12,"(5, 6)",-1,eulerian,0.0,0.005
40,38,13,"(6, 7)",-1,eulerian,0.0,0.006
40,38,14,"(6, 9)",-1,eulerian,0.0,0.008
40,38,16,"(7, 8)",-2,eulerian,0.0,0.03
40,38,17,"(7, 10)",1,eulerian,0.0,0.006
40,38,18,"(8, 9)",-3,eulerian,0.0,0.009
40,38,19,"(8, 11)",1,eulerian,0.0,0.008
40,38,20,"(9, 10)",-4,eulerian,0.0,0.008
40,38,21,"(10, 11)",-3,eulerian,0.0,0.021
41,39,0,"(0, 1)",-2,eulerian,0.0,0.009
41,39,1,"(0, 11)",2,eulerian,0.0,0.009
41,39,2,"(1, 2)",-2,eulerian,0.0,0.007
41,39,6,"(2, 8)",-3,eulerian,0.0,0.025
41,39,7,"(2, 11)",1,eulerian,0.0,0.006
41,39,8,"(3, 4)",2,eulerian,0.0,0.007
41,39,10,"(3, 8)",-2,eulerian,0.0,0.026
41,39,11,"(4, 5)",2,eulerian,0.0,0.007
41,39,12,"(5, 6)",2,eulerian,0.0,0.023
41,39,13,"(6, 7)",3,eulerian,0.0,0.03
41,39,14,"(6, 9)",-1,eulerian,0.0,0.008
41,39,16,"(7, 8)",5,eulerian,0.0,0.009
41,39,17,"(7, 10)",-2,eulerian,0.0,0.009
41,39,18,"(8, 9)",3,eulerian,0.0,0.036
41,39,19,"(8, 11)",-3,eulerian,0.0,0.026
41,39,20,"(9, 10)",2,eulerian,0.0,0.013
42,40,0,"(0, 1)",2,eulerian,0.0,0.012
42,40,1,"(0, 11)",-2,eulerian,0.0,0.01
42,40,2,"(1, 2)",5,eulerian,0.0,0.024
42,40,3,"(1, 3)",-1,eulerian,0.0,0.006
42,40,4,"(1, 5)",-2,eulerian,0.0,0.021
42,40,7,"(2, 11)",5,eulerian,0.0,0.022
42,40,8,"(3, 4)",2,eulerian,0.0,0.007
42,40,9,"(3, 6)",-3,eulerian,0.0,0.026
42,40,11,"(4, 5)",2,eulerian,0.0,0.007
42,40,14,"(6, 9)",-3,eulerian,0.0,0.01
42,40,16,"(7, 8)",-3,eulerian,0.0,0.021
42,40,17,"(7, 10)",3,eulerian,0.0,0.021
42,40,19,"(8, 11)",-3,eulerian,0.0,0.025
42,40,20,"(9, 10)",-3,eulerian,0.0,0.033
43,41,0,"(0, 1)",-3,eulerian,0.0,0.01
43,41,1,"(0, 11)",3,eulerian,0.0,0.009
43,41,4,"(1, 5)",-3,eulerian,0.0,0.021
43,41,5,"(2, 3)",-2,eulerian,0.0,0.007
43,41,6,"(2, 8)",2,eulerian,0.0,0.007
43,41,8,"(3, 4)",-2,eulerian,0.0,0.006
43,41,11,"(4, 5)",-2,eulerian,0.0,0.006
43,41,12,"(5, 6)",-5,eulerian,0.0,0.008
43,41,13,"(6, 7)",-1,eulerian,0.0,0.006
43,41,14,"(6, 9)",-4,eulerian,0.0,0.016
43,41,16,"(7, 8)",1,eulerian,0.0,0.021
43,41,17,"(7, 10)",-2,eulerian,0.0,0.009
43,41,18,"(8, 9)",3,eulerian,0.0,0.036
43,41,20,"(9, 10)",-1,eulerian,0.0,0.006
43,41,21,"(10, 11)",-3,eulerian,0.0,0.022
44,42,0,"(0, 1)",-3,eulerian,0.0,0.01
44,42,1,"(0, 11)",3,eulerian,0.0,0.009
44,42,2,"(1, 2)",-3,eulerian,0.0,0.024
44,42,6,"(2, 8)",-1,eulerian,0.0,0.023
44,42,7,"(2, 11)",-2,eulerian,0.0,0.007
44,42,8,"(3, 4)",-2,eulerian,0.0,0.006
44,42,9,"(3, 6)",1,eulerian,0.0,0.035
44,42,10,"(3, 8)",1,eulerian,0.0,0.025
44,42,11,"(4, 5)",-2,eulerian,0.0,0.006
44,42,12,"(5, 6)",-2,eulerian,0.0,0.031
44,42,13,"(6, 7)",2,eulerian,0.0,0.012
44,42,15,"(6, 10)",-3,eulerian,0.0,0.013
44,42,17,"(7, 10)",2,eulerian,0.0,0.01
44,42,18,"(8, 9)",3,eulerian,0.0,0.036
44,42,19,"(8, 11)",-3,eulerian,0.0,0.025
44,42,20,"(9, 10)",3,eulerian,0.0,0.029
44,42,21,"(10, 11)",2,eulerian,0.0,0.023
45,43,0,"(0, 1)",-3,eulerian,0.0,0.009
45,43,1,"(0, 11)",3,eulerian,0.0,0.009
45,43,2,"(1, 2)",-2,eulerian,0.0,0.007
45,43,3,"(1, 3)",-2,eulerian,0.0,0.009
45,43,4,"(1, 5)",1,eulerian,0.0,0.005
45,43,7,"(2, 11)",-2,eulerian,0.0,0.007
45,43,8,"(3, 4)",-2,eulerian,0.0,0.006
45,43,11,"(4, 5)",-2,eulerian,0.0,0.006
45,43,12,"(5, 6)",-1,eulerian,0.0,0.006
45,43,13,"(6, 7)",2,eulerian,0.0,0.012
45,43,15,"(6, 10)",-3,eulerian,0.0,0.012
45,43,17,"(7, 10)",2,eulerian,0.0,0.009
45,43,18,"(8, 9)",-2,eulerian,0.0,0.023
45,43,19,"(8, 11)",2,eulerian,0.0,0.01
45,43,20,"(9, 10)",-2,eulerian,0.0,0.008
45,43,21,"(10, 11)",-3,eulerian,0.0,0.021
46,44,0,"(0, 1)",-3,eulerian,0.0,0.009
46,44,1,"(0, 11)",3,eulerian,0.0,0.009
46,44,4,"(1, 5)",-3,eulerian,0.0,0.021
46,44,5,"(2, 3)",-3,eulerian,0.0,0.028
46,44,6,"(2, 8)",3,eulerian,0.0,0.013
46,44,8,"(3, 4)",2,eulerian,0.0,0.007
46,44,9,"(3, 6)",1,eulerian,0.0,0.035
46,44,10,"(3, 8)",-6,eulerian,0.0,0.026
46,44,11,"(4, 5)",2,eulerian,0.0,0.007
46,44,12,"(5, 6)",-1,eulerian,0.0,0.005
46,44,16,"(7, 8)",-2,eulerian,0.0,0.031
46,44,17,"(7, 10)",2,eulerian,0.0,0.01
46,44,18,"(8, 9)",-2,eulerian,0.0,0.023
46,44,19,"(8, 11)",-3,eulerian,0.0,0.025
46,44,20,"(9, 10)",-2,eulerian,0.0,0.008
47,45,0,"(0, 1)",-2,eulerian,0.0,0.009
47,45,1,"(0, 11)",2,eulerian,0.0,0.008
47,45,2,"(1, 2)",-4,eulerian,0.0,0.012
47,45,3,"(1, 3)",-2,eulerian,0.0,0.009
47,45,4,"(1, 5)",4,eulerian,0.0,0.02
47,45,6,"(2, 8)",-3,eulerian,0.0,0.025
47,45,7,"(2, 11)",-1,eulerian,0.0,0.006
47,45,8,"(3, 4)",-4,eulerian,0.0,0.019
47,45,9,"(3, 6)",2,eulerian,0.0,0.041
47,45,11,"(4, 5)",-4,eulerian,0.0,0.019
47,45,13,"(6, 7)",2,eulerian,0.0,0.012
47,45,17,"(7, 10)",2,eulerian,0.0,0.009
47,45,18,"(8, 9)",-2,eulerian,0.0,0.023
47,45,19,"(8, 11)",-1,eulerian,0.0,0.007
47,45,20,"(9, 10)",-2,eulerian,0.0,0.008
48,46,0,"(0, 1)",1,eulerian,0.0,0.006
48,46,1,"(0, 11)",-1,eulerian,0.0,0.005
48,46,2,"(1, 2)",-2,eulerian,0.0,0.007
48,46,4,"(1, 5)",3,eulerian,0.0,0.016
48,46,6,"(2, 8)",-1,eulerian,0.0,0.023
48,46,7,"(2, 11)",-1,eulerian,0.0,0.006
48,46,8,"(3, 4)",-5,eulerian,0.0,0.04
48,46,9,"(3, 6)",6,eulerian,0.0,0.022
48,46,10,"(3, 8)",-1,eulerian,0.0,0.025
48,46,11,"(4, 5)",-5,eulerian,0.0,0.04
48,46,12,"(5, 6)",-2,eulerian,0.0,0.032
48,46,13,"(6, 7)",2,eulerian,0.0,0.012
48,46,14,"(6, 9)",2,eulerian,0.0,0.009
48,46,16,"(7, 8)",2,eulerian,0.0,0.015
48,46,20,"(9, 10)",2,eulerian,0.0,0.012
48,46,21,"(10, 11)",2,eulerian,0.0,0.023
49,47,0,"(0, 1)",2,eulerian,0.0,0.01
49,47,1,"(0, 11)",-2,eulerian,0.0,0.009
49,47,3,"(1, 3)",2,eulerian,0.0,0.007
49,47,5,"(2, 3)",-5,eulerian,0.0,0.014
49,47,6,"(2, 8)",4,eulerian,0.0,0.025
49,47,7,"(2, 11)",1,eulerian,0.0,0.006
49,47,8,"(3, 4)",-2,eulerian,0.0,0.006
49,47,10,"(3, 8)",-1,eulerian,0.0,0.025
49,47,11,"(4, 5)",-2,eulerian,0.0,0.006
49,47,12,"(5, 6)",-2,eulerian,0.0,0.031
49,47,14,"(6, 9)",-1,eulerian,0.0,0.008
49,47,15,"(6, 10)",-1,eulerian,0.0,0.017
49,47,16,"(7, 8)",1,eulerian,0.0,0.021
49,47,17,"(7, 10)",-1,eulerian,0.0,0.006
49,47,18,"(8, 9)",4,eulerian,0.0,0.034
49,47,20,"(9, 10)",3,eulerian,0.0,0.029
49,47,21,"(10, 11)",1,eulerian,0.0,0.007
50,48,0,"(0, 1)",-2,eulerian,0.0,0.009
50,48,1,"(0, 11)",2,eulerian,0.0,0.008
50,48,3,"(1, 3)",-1,eulerian,0.0,0.006
50,48,4,"(1, 5)",-1,eulerian,0.0,0.005
50,48,6,"(2, 8)",2,eulerian,0.0,0.007
50,48,7,"(2, 11)",-2,eulerian,0.0,0.007
50,48,8,"(3, 4)",-2,eulerian,0.0,0.006
50,48,10,"(3, 8)",1,eulerian,0.0,0.024
50,48,11,"(4, 5)",-2,eulerian,0.0,0.006
50,48,12,"(5, 6)",-3,eulerian,0.0,0.022
50,48,13,"(6, 7)",-3,eulerian,0.0,0.021
50,48,14,"(6, 9)",2,eulerian,0.0,0.009
50,48,15,"(6, 10)",-2,eulerian,0.0,0.006
50,48,16,"(7, 8)",-5,eulerian,0.0,0.012
50,48,17,"(7, 10)",2,eulerian,0.0,0.009
50,48,18,"(8, 9)",-2,eulerian,0.0,0.022
51,49,0,"(0, 1)",-2,eulerian,0.0,0.009
51,49,1,"(0, 11)",2,eulerian,0.0,0.008
51,49,3,"(1, 3)",2,eulerian,0.0,0.007
51,49,4,"(1, 5)",-4,eulerian,0.0,0.016
51,49,5,"(2, 3)",3,eulerian,0.0,0.013
51,49,6,"(2, 8)",-2,not_connected,-1,0.007
51,49,7,"(2, 11)",-1,eulerian,0.0,0.005
51,49,8,"(3, 4)",2,eulerian,0.0,0.007
51,49,9,"(3, 6)",2,eulerian,0.0,0.042
51,49,10,"(3, 8)",1,eulerian,0.0,0.024
51,49,11,"(4, 5)",2,eulerian,0.0,0.007
51,49,12,"(5, 6)",-2,eulerian,0.0,0.031
51,49,16,"(7, 8)",2,eulerian,0.0,0.015
51,49,17,"(7, 10)",-2,eulerian,0.0,0.009
51,49,18,"(8, 9)",2,eulerian,0.0,0.027
51,49,19,"(8, 11)",-1,eulerian,0.0,0.006
51,49,20,"(9, 10)",2,eulerian,0.0,0.011
52,50,0,"(0, 1)",3,eulerian,0.0,0.009
52,50,1,"(0, 11)",-3,eulerian,0.0,0.008
52,50,2,"(1, 2)",1,eulerian,0.0,0.006
52,50,4,"(1, 5)",2,eulerian,0.0,0.017
52,50,5,"(2, 3)",-1,eulerian,0.0,0.006
52,50,6,"(2, 8)",2,eulerian,0.0,0.007
52,50,8,"(3, 4)",-2,eulerian,0.0,0.006
52,50,9,"(3, 6)",1,eulerian,0.0,0.035
52,50,11,"(4, 5)",-2,eulerian,0.0,0.006
52,50,13,"(6, 7)",-1,eulerian,0.0,0.006
52,50,14,"(6, 9)",2,eulerian,0.0,0.009
52,50,16,"(7, 8)",-4,eulerian,0.0,0.019
52,50,17,"(7, 10)",3,eulerian,0.0,0.021
52,50,18,"(8, 9)",-2,eulerian,0.0,0.023
52,50,21,"(10, 11)",3,eulerian,0.0,0.035
53,51,0,"(0, 1)",4,eulerian,0.0,0.011
53,51,1,"(0, 11)",-4,eulerian,0.0,0.01
53,51,2,"(1, 2)",2,eulerian,0.0,0.006
53,51,4,"(1, 5)",2,eulerian,0.0,0.017
53,51,5,"(2, 3)",2,eulerian,0.0,0.007
53,51,8,"(3, 4)",2,eulerian,0.0,0.007
53,51,9,"(3, 6)",-1,eulerian,0.0,0.023
53,51,10,"(3, 8)",1,eulerian,0.0,0.024
53,51,11,"(4, 5)",2,eulerian,0.0,0.007
53,51,12,"(5, 6)",4,eulerian,0.0,0.023
53,51,13,"(6, 7)",2,eulerian,0.0,0.012
53,51,14,"(6, 9)",1,eulerian,0.0,0.007
53,51,16,"(7, 8)",1,eulerian,0.0,0.021
53,51,17,"(7, 10)",1,eulerian,0.0,0.006
53,51,18,"(8, 9)",-2,eulerian,0.0,0.023
53,51,19,"(8, 11)",4,eulerian,0.0,0.015
53,51,20,"(9, 10)",-1,eulerian,0.0,0.006
54,52,0,"(0, 1)",2,eulerian,0.0,0.01
54,52,1,"(0, 11)",-2,eulerian,0.0,0.009
54,52,4,"(1, 5)",2,eulerian,0.0,0.018
54,52,5,"(2, 3)",-2,eulerian,0.0,0.007
54,52,7,"(2, 11)",2,eulerian,0.0,0.006
54,52,8,"(3, 4)",1,eulerian,0.0,0.006
54,52,9,"(3, 6)",-6,eulerian,0.0,0.03
54,52,10,"(3, 8)",3,eulerian,0.0,0.026
54,52,11,"(4, 5)",1,eulerian,0.0,0.006
54,52,12,"(5, 6)",3,eulerian,0.0,0.023
54,52,13,"(6, 7)",-3,eulerian,0.0,0.021
54,52,14,"(6, 9)",-2,eulerian,0.0,0.031
54,52,15,"(6, 10)",2,eulerian,0.0,0.007
54,52,16,"(7, 8)",-1,eulerian,0.0,0.018
54,52,17,"(7, 10)",-2,eulerian,0.0,0.01
54,52,18,"(8, 9)",2,eulerian,0.0,0.027
55,53,0,"(0, 1)",-3,eulerian,0.0,0.009
55,53,1,"(0, 11)",3,eulerian,0.0,0.009
55,53,2,"(1, 2)",-2,eulerian,0.0,0.007
55,53,4,"(1, 5)",-1,eulerian,0.0,0.005
55,53,6,"(2, 8)",-2,eulerian,0.0,0.007
55,53,8,"(3, 4)",-2,eulerian,0.0,0.006
55,53,9,"(3, 6)",1,eulerian,0.0,0.035
55,53,10,"(3, 8)",1,eulerian,0.0,0.024
55,53,11,"(4, 5)",-2,eulerian,0.0,0.006
55,53,12,"(5, 6)",-3,eulerian,0.0,0.022
55,53,13,"(6, 7)",1,eulerian,0.0,0.007
55,53,14,"(6, 9)",-4,eulerian,0.0,0.016
55,53,15,"(6, 10)",1,eulerian,0.0,0.021
55,53,16,"(7, 8)",1,eulerian,0.0,0.021
55,53,20,"(9, 10)",-4,eulerian,0.0,0.008
55,53,21,"(10, 11)",-3,eulerian,0.0,0.02
56,54,0,"(0, 1)",3,eulerian,0.0,0.009
56,54,1,"(0, 11)",-3,eulerian,0.0,0.008
56,54,2,"(1, 2)",1,eulerian,0.0,0.006
56,54,3,"(1, 3)",1,eulerian,0.0,0.006
56,54,4,"(1, 5)",1,eulerian,0.0,0.005
56,54,5,"(2, 3)",-1,eulerian,0.0,0.006
56,54,6,"(2, 8)",2,eulerian,0.0,0.007
56,54,8,"(3, 4)",-3,eulerian,0.0,0.022
56,54,10,"(3, 8)",3,eulerian,0.0,0.026
56,54,11,"(4, 5)",-3,eulerian,0.0,0.022
56,54,12,"(5, 6)",-2,eulerian,0.0,0.031
56,54,13,"(6, 7)",-2,eulerian,0.0,0.025
56,54,16,"(7, 8)",-2,eulerian,0.0,0.03
56,54,18,"(8, 9)",2,eulerian,0.0,0.027
56,54,19,"(8, 11)",1,eulerian,0.0,0.008
56,54,20,"(9, 10)",2,eulerian,0.0,0.011
56,54,21,"(10, 11)",2,eulerian,0.0,0.023
57,55,0,"(0, 1)",2,eulerian,0.0,0.01
57,55,1,"(0, 11)",-2,eulerian,0.0,0.009
57,55,4,"(1, 5)",2,eulerian,0.0,0.017
57,55,5,"(2, 3)",2,eulerian,0.0,0.007
57,55,7,"(2, 11)",-2,eulerian,0.0,0.007
57,55,8,"(3, 4)",-2,eulerian,0.0,0.006
57,55,9,"(3, 6)",4,eulerian,0.0,0.022
57,55,11,"(4, 5)",-2,eulerian,0.0,0.006
57,55,13,"(6, 7)",7,eulerian,0.0,0.015
57,55,14,"(6, 9)",-3,eulerian,0.0,0.01
57,55,16,"(7, 8)",6,eulerian,0.0,0.021
57,55,17,"(7, 10)",1,eulerian,0.0,0.006
57,55,18,"(8, 9)",3,eulerian,0.0,0.036
57,55,19,"(8, 11)",3,eulerian,0.0,0.013
57,55,21,"(10, 11)",1,eulerian,0.0,0.007
58,56,0,"(0, 1)",2,eulerian,0.0,0.01
58,56,1,"(0, 11)",-2,eulerian,0.0,0.009
58,56,2,"(1, 2)",2,eulerian,0.0,0.006
58,56,5,"(2, 3)",-2,eulerian,0.0,0.006
58,56,6,"(2, 8)",4,eulerian,0.0,0.025
58,56,8,"(3, 4)",-2,eulerian,0.0,0.006
58,56,11,"(4, 5)",-2,eulerian,0.0,0.006
58,56,12,"(5, 6)",-2,eulerian,0.0,0.031
58,56,15,"(6, 10)",-2,eulerian,0.0,0.006
58,56,16,"(7, 8)",3,eulerian,0.0,0.026
58,56,17,"(7, 10)",-3,eulerian,0.0,0.027
58,56,18,"(8, 9)",4,eulerian,0.0,0.035
58,56,19,"(8, 11)",3,eulerian,0.0,0.014
58,56,20,"(9, 10)",4,eulerian,0.0,0.009
58,56,21,"(10, 11)",-1,eulerian,0.0,0.007
59,57,0,"(0, 1)",-4,eulerian,0.0,0.01
59,57,1,"(0, 11)",4,eulerian,0.0,0.009
59,57,2,"(1, 2)",-4,eulerian,0.0,0.012
59,57,5,"(2, 3)",-2,eulerian,0.0,0.006
59,57,6,"(2, 8)",2,eulerian,0.0,0.007
59,57,7,"(2, 11)",-4,eulerian,0.0,0.008
59,57,8,"(3, 4)",-2,eulerian,0.0,0.006
59,57,11,"(4, 5)",-2,eulerian,0.0,0.006
59,57,12,"(5, 6)",-2,eulerian,0.0,0.031
59,57,14,"(6, 9)",-2,eulerian,0.0,0.031
59,57,16,"(7, 8)",-2,eulerian,0.0,0.031
59,57,17,"(7, 10)",2,eulerian,0.0,0.009
59,57,20,"(9, 10)",-2,eulerian,0.0,0.008
60,58,0,"(0, 1)",-2,eulerian,0.0,0.009
60,58,1,"(0, 11)",2,eulerian,0.0,0.008
60,58,2,"(1, 2)",-1,eulerian,0.0,0.006
60,58,4,"(1, 5)",-1,eulerian,0.0,0.005
60,58,5,"(2, 3)",-2,eulerian,0.0,0.006
60,58,7,"(2, 11)",1,eulerian,0.0,0.006
60,58,8,"(3, 4)",2,eulerian,0.0,0.007
60,58,9,"(3, 6)",-5,eulerian,0.0,0.009
60,58,10,"(3, 8)",1,eulerian,0.0,0.024
60,58,11,"(4, 5)",2,eulerian,0.0,0.007
60,58,12,"(5, 6)",1,eulerian,0.0,0.006
60,58,14,"(6, 9)",-2,eulerian,0.0,0.031
60,58,15,"(6, 10)",-2,eulerian,0.0,0.006
60,58,16,"(7, 8)",1,eulerian,0.0,0.021
60,58,17,"(7, 10)",-1,eulerian,0.0,0.006
60,58,19,"(8, 11)",2,eulerian,0.0,0.01
60,58,20,"(9, 10)",-2,eulerian,0.0,0.008
60,58,21,"(10, 11)",-5,eulerian,0.0,0.023
61,59,0,"(0, 1)",-3,eulerian,0.0,0.01
61,59,1,"(0, 11)",3,eulerian,0.0,0.009
61,59,4,"(1, 5)",-3,eulerian,0.0,0.021
61,59,6,"(2, 8)",3,eulerian,0.0,0.012
61,59,7,"(2, 11)",-3,eulerian,0.0,0.01
61,59,8,"(3, 4)",3,eulerian,0.0,0.025
61,59,9,"(3, 6)",-3,eulerian,0.0,0.025
61,59,11,"(4, 5)",3,eulerian,0.0,0.025
61,59,13,"(6, 7)",-1,eulerian,0.0,0.006
61,59,14,"(6, 9)",-2,eulerian,0.0,0.031
61,59,16,"(7, 8)",-3,eulerian,0.0,0.021
61,59,17,"(7, 10)",2,eulerian,0.0,0.009
61,59,20,"(9, 10)",-2,eulerian,0.0,0.008
62,60,0,"(0, 1)",2,eulerian,0.0,0.009
62,60,1,"(0, 11)",-2,eulerian,0.0,0.009
62,60,4,"(1, 5)",2,eulerian,0.0,0.017
62,60,6,"(2, 8)",-4,eulerian,0.0,0.02
62,60,7,"(2, 11)",4,eulerian,0.0,0.008
62,60,8,"(3, 4)",-2,eulerian,0.0,0.006
62,60,9,"(3, 6)",2,eulerian,0.0,0.041
62,60,11,"(4, 5)",-2,eulerian,0.0,0.006
62,60,13,"(6, 7)",-2,eulerian,0.0,0.026
62,60,14,"(6, 9)",5,eulerian,0.0,0.015
62,60,15,"(6, 10)",-1,eulerian,0.0,0.017
62,60,16,"(7, 8)",-1,eulerian,0.0,0.018
62,60,17,"(7, 10)",-1,eulerian,0.0,0.006
62,60,18,"(8, 9)",-5,eulerian,0.0,0.015
62,60,21,"(10, 11)",-2,eulerian,0.0,0.036
63,61,0,"(0, 1)",3,eulerian,0.0,0.009
63,61,1,"(0, 11)",-3,eulerian,0.0,0.008
63,61,3,"(1, 3)",2,eulerian,0.0,0.007
63,61,4,"(1, 5)",1,eulerian,0.0,0.005
63,61,5,"(2, 3)",1,eulerian,0.0,0.024
63,61,6,"(2, 8)",-1,eulerian,0.0,0.023
63,61,8,"(3, 4)",2,eulerian,0.0,0.007
63,61,10,"(3, 8)",1,eulerian,0.0,0.024
63,61,11,"(4, 5)",2,eulerian,0.0,0.007
63,61,12,"(5, 6)",3,eulerian,0.0,0.023
63,61,13,"(6, 7)",1,eulerian,0.0,0.007
63,61,14,"(6, 9)",2,eulerian,0.0,0.009
63,61,16,"(7, 8)",3,eulerian,0.0,0.026
63,61,17,"(7, 10)",-2,eulerian,0.0,0.009
63,61,19,"(8, 11)",3,eulerian,0.0,0.014
63,61,20,"(9, 10)",2,eulerian,0.0,0.012
64,62,0,"(0, 1)",2,eulerian,0.0,0.009
64,62,1,"(0, 11)",-2,eulerian,0.0,0.009
64,62,2,"(1, 2)",5,eulerian,0.0,0.023
64,62,3,"(1, 3)",-1,eulerian,0.0,0.006
64,62,4,"(1, 5)",-2,eulerian,0.0,0.021
64,62,6,"(2, 8)",5,eulerian,0.0,0.033
64,62,8,"(3, 4)",2,eulerian,0.0,0.007
64,62,9,"(3, 6)",2,eulerian,0.0,0.041
64,62,10,"(3, 8)",-5,eulerian,0.0,0.019
64,62,11,"(4, 5)",2,eulerian,0.0,0.007
64,62,15,"(6, 10)",2,eulerian,0.0,0.007
64,62,16,"(7, 8)",1,eulerian,0.0,0.021
64,62,17,"(7, 10)",-1,eulerian,0.0,0.006
64,62,18,"(8, 9)",-2,eulerian,0.0,0.022
64,62,19,"(8, 11)",3,eulerian,0.0,0.013
64,62,20,"(9, 10)",-2,eulerian,0.0,0.008
64,62,21,"(10, 11)",-1,eulerian,0.0,0.007
65,63,0,"(0, 1)",2,eulerian,0.0,0.009
65,63,1,"(0, 11)",-2,eulerian,0.0,0.009
65,63,2,"(1, 2)",2,eulerian,0.0,0.006
65,63,5,"(2, 3)",-1,eulerian,0.0,0.006
65,63,6,"(2, 8)",3,eulerian,0.0,0.012
65,63,8,"(3, 4)",-2,eulerian,0.0,0.006
65,63,9,"(3, 6)",1,eulerian,0.0,0.035
65,63,11,"(4, 5)",-2,eulerian,0.0,0.006
